xpath,options,info
/html/body/div[1]/div[2]/table/tbody/tr/td[2]/div[5]/div[1]/div/form/div[2]/table/tbody/tr[2]/th,6,your email
/html/body/div[1]/div[2]/table/tbody/tr/td[2]/div[5]/div[1]/div/form/div[2]/table/tbody/tr[2]/td[3],120,
/html/body/div[1]/div[2]/table/tbody/tr/td[2]/div[5]/div[1]/div/form/div[2]/table/tbody/tr[2]/td[4],3,your name
/html/body/div[1]/div[2]/table/tbody/tr/td[2]/div[4]/div[2]/div[8]/table/tbody/tr[4]/td[2]/div/table/tbody/tr/td/div,,
/html/body/div[1]/div[2]/table/tbody/tr/td[2]/div[4]/div[2]/div[8]/table/tbody/tr[5]/td[2]/div,,
/html/body/div[1]/div[2]/table/tbody/tr/td[2]/div[4]/div[2]/div[8]/table/tbody/tr[6]/td[2]/div,,
/html/body/div[1]/div[2]/table/tbody/tr/td[2]/div[4]/div[2]/div[2]/table/tbody/tr[2]/td[4]/div/a,,
/html/body/div[1]/div[2]/table/tbody/tr/td[2]/div[4]/div[2]/div[5]/table/tbody/tr[4]/td[2]/div,,
/html/body/div[1]/div[2]/table/tbody/tr/td[2]/div[5]/div[1]/div/form/div[2]/table/tbody/tr,,
/html/body/div[1]/div[2]/table/tbody/tr/td[2]/div[4]/div[2]/div[5]/table/tbody/tr[22]/td[2]/div,,
